SettlementPoint,Year,Month,Mean,Min,Max,SD,Volatility
HB_BUSAVG,2016,1,19.209301075268822,5.12,54.69,5.48521039009743,0.16249068056766391
HB_BUSAVG,2016,2,15.288247126436788,1.79,50.98,5.77717217692724,0.2220866101007388
HB_BUSAVG,2016,3,16.755625841184376,1.22,64.31,7.368496875539129,0.21264834096045265
HB_BUSAVG,2016,4,18.289347222222197,1.18,93.09,9.506142732088001,0.22876809612104296
HB_BUSAVG,2016,5,18.15958333333335,3.03,73.61,8.017220813376365,0.17252213134229483
HB_BUSAVG,2016,6,23.90981944444443,4.02,110.72,11.305436288586218,0.1474267646509526
HB_BUSAVG,2016,7,27.187473118279588,7.61,99.29,12.406065835499756,0.15445013298448879
HB_BUSAVG,2016,8,30.567137096774225,13.39,230.02,27.15155808784458,0.1856390251540778
HB_BUSAVG,2016,9,26.861750000000033,10.89,202.4,14.904298172890444,0.13803347981684003
HB_BUSAVG,2016,10,25.2048387096774,2.92,274.77,16.32711959988236,0.18919955361361515
HB_BUSAVG,2016,11,19.244902777777792,2.3,48.65,6.3781515532879896,0.18670667239993813
HB_BUSAVG,2016,12,25.31830645161287,2.72,139.42,11.105303297399237,0.2053459265760296
HB_BUSAVG,2017,1,23.25278225806453,1.94,96.28,7.471612705493784,0.19584909230492253
HB_BUSAVG,2017,2,20.1178273809524,3.56,52.7,6.538278533511916,0.18480620926186872
HB_BUSAVG,2017,3,22.569892328398367,4.92,78.44,7.988595981559292,0.14796629117751608
HB_BUSAVG,2017,4,23.70508333333335,8.37,81.08,7.768482147422761,0.13957751596882043
HB_BUSAVG,2017,5,25.087352150537626,4.66,65.3,7.952691485425806,0.14532724011087758
HB_BUSAVG,2017,6,27.669152777777793,15.22,82.18,11.114801167073598,0.13152837341867435
HB_BUSAVG,2017,7,31.45427419354836,16.64,257.04,17.838848649545913,0.15465652135762978
HB_BUSAVG,2017,8,27.50701612903228,16.62,88.75,10.898581913248776,0.12391570503998926
HB_BUSAVG,2017,9,24.18416666666669,8.38,59.02,7.9236597783932705,0.11822091419277724
HB_BUSAVG,2017,10,23.563279569892487,3.07,97.54,10.300630159991833,0.16335517319472972
HB_BUSAVG,2017,11,22.677458333333327,4.28,83.65,8.31051267552799,0.16923704618137475
HB_BUSAVG,2017,12,21.187956989247333,5.82,55.67,5.193307565046879,0.15645709778073624
HB_BUSAVG,2018,1,37.86967741935482,5.83,1660.04,87.56361308118339,0.21828724505816602
HB_BUSAVG,2018,2,21.854315476190465,5.09,73.49,7.541317693617223,0.1976839298736605
HB_BUSAVG,2018,3,22.561978465679648,7.34,69.97,8.35799112360004,0.1819948552991268
HB_BUSAVG,2018,4,23.142958333333308,6.22,53.44,7.3667687663368335,0.15694636892300523
HB_BUSAVG,2018,5,34.00524193548385,8.49,541.31,38.314470370603864,0.2254136375175431
HB_BUSAVG,2018,6,29.96612499999997,15.16,114.07,14.658058238847639,0.14551742350821603
HB_BUSAVG,2018,7,78.85944892473117,9.9,2061.99,233.36169591636278,0.3779505242755056
HB_BUSAVG,2018,8,31.661559139784913,12.71,149.91,18.572329132601762,0.16271829036700877
HB_BUSAVG,2018,9,27.17544444444446,14.59,88.96,10.5109675059282,0.1213007732930625
HB_BUSAVG,2018,10,29.95782258064515,10.32,95.21,10.16982978140472,0.13638483122994455
HB_BUSAVG,2018,11,30.644499999999972,9.3,108.07,11.598420053307358,0.17010822084026225
HB_BUSAVG,2018,12,30.268185483870955,6.64,117.74,10.12306655686283,0.1757692223131917
HB_BUSAVG,2019,1,24.59256720430107,5.72,75.28,8.130355147669786,0.16938055670846341
HB_BUSAVG,2019,2,21.186369047619046,5.06,56.68,7.013010151618259,0.18851314912541237
HB_BUSAVG,2019,3,27.565720053835797,7.31,675.6,34.263891687476494,0.20162472722611582
HB_BUSAVG,2019,4,22.613180555555562,5.34,102.53,11.853101342168479,0.19124208411110433
HB_BUSAVG,2019,5,23.959932795698922,9.46,67.19,8.560298614984854,0.13222073347644592
HB_BUSAVG,2019,6,25.08554166666668,8.72,102.2,13.651568525669756,0.1478397469071405
HB_BUSAVG,2019,7,29.72962365591398,11.28,274.56,26.86115729182233,0.1944335898353374
HB_BUSAVG,2019,8,126.38408602150527,10.04,3499.84,401.206306600097,0.5133984120732928
HB_BUSAVG,2019,9,79.61562499999994,7.88,5008.32,380.21393107679,0.34928628138987156
HB_BUSAVG,2019,10,28.247056451612934,6.39,851.45,53.26734427541531,0.23041418986048273
HB_BUSAVG,2019,11,23.46837500000001,3.26,203.7,14.638393552028687,0.22840879392071128
HB_BUSAVG,2019,12,18.715080645161272,3.74,59.84,6.744975917531296,0.18481639846339173
HB_HOUSTON,2016,1,19.565725806451617,5.19,54.55,5.6487473817289935,0.16651552169972894
HB_HOUSTON,2016,2,15.464540229885062,2.1,50.75,5.811656068895286,0.22040169529876424
HB_HOUSTON,2016,3,17.12495289367428,1.36,72.32,7.70473596551608,0.21219370326340173
HB_HOUSTON,2016,4,18.940958333333334,1.26,99.0,10.265435546159962,0.23041339390890328
HB_HOUSTON,2016,5,19.17408602150539,3.04,73.62,9.38017837807119,0.18015366012046083
HB_HOUSTON,2016,6,26.255736111111084,4.31,141.0,15.3243472685475,0.16400840958115592
HB_HOUSTON,2016,7,29.53892473118277,10.08,101.38,14.978876680896809,0.15948066037252376
HB_HOUSTON,2016,8,32.9725403225807,13.49,269.69,33.121781875193165,0.1974102731209508
HB_HOUSTON,2016,9,28.742416666666674,11.49,211.23,16.821039643259603,0.1492869929852217
HB_HOUSTON,2016,10,28.24955645161289,4.0,284.79,18.950819928980856,0.19747795990188127
HB_HOUSTON,2016,11,20.36593055555555,3.05,51.61,7.431234496542127,0.19175550492371124
HB_HOUSTON,2016,12,25.727661290322622,2.92,142.55,11.32320461530008,0.20679798605366503
HB_HOUSTON,2017,1,24.78185483870971,3.03,96.21,7.904352417097664,0.1943331145170283
HB_HOUSTON,2017,2,23.265714285714306,4.52,58.68,8.612319604347366,0.18696982080637542
HB_HOUSTON,2017,3,28.21329744279944,6.85,144.16,14.123950526156515,0.15751152564671986
HB_HOUSTON,2017,4,32.295736111111104,10.77,142.25,15.704205969482652,0.1635871133719476
HB_HOUSTON,2017,5,31.533172043010744,5.0,105.17,14.64211012278916,0.18239285318978551
HB_HOUSTON,2017,6,33.16834722222224,15.44,133.78,18.60204923631417,0.1676660028632174
HB_HOUSTON,2017,7,34.37583333333333,16.72,306.24,22.793164369378225,0.173268282550525
HB_HOUSTON,2017,8,29.401720430107513,16.61,97.06,13.225864551440145,0.13445197076938611
HB_HOUSTON,2017,9,26.542944444444462,8.32,73.92,10.91963358890597,0.13960256584109768
HB_HOUSTON,2017,10,30.141236559139788,4.4,249.2,23.325715626861335,0.2026413834130691
HB_HOUSTON,2017,11,26.091055555555556,4.69,131.0,12.686734104963296,0.1731502574522144
HB_HOUSTON,2017,12,21.549005376344063,6.25,53.34,5.162866307722012,0.1571580067508389
HB_HOUSTON,2018,1,37.944784946236524,6.19,1637.34,86.01527890478582,0.21633380146707806
HB_HOUSTON,2018,2,22.16410714285716,5.1,72.11,7.347411911330587,0.19694173072609303
HB_HOUSTON,2018,3,23.782543741588132,8.01,71.01,8.96803408972139,0.18864902635017847
HB_HOUSTON,2018,4,24.652694444444446,8.4,58.92,7.830764138938863,0.15973013439828107
HB_HOUSTON,2018,5,34.14755376344084,8.43,530.4,37.10995493457376,0.2237928335038629
HB_HOUSTON,2018,6,30.628486111111098,15.81,116.02,14.938345448626661,0.14543669384224223
HB_HOUSTON,2018,7,79.03404569892474,9.95,2057.51,233.00015888349546,0.3772974110972975
HB_HOUSTON,2018,8,31.944247311827972,13.44,150.2,18.6641251009878,0.16189673704958704
HB_HOUSTON,2018,9,27.581361111111068,15.06,91.04,10.751295245972893,0.12128348719591825
HB_HOUSTON,2018,10,30.981935483870988,12.6,98.4,10.837428527252913,0.1367244571525781
HB_HOUSTON,2018,11,31.319236111111124,10.01,104.77,11.698294258876448,0.16729290145320094
HB_HOUSTON,2018,12,30.333548387096755,6.85,116.17,9.879054520195677,0.17605190315084648
HB_HOUSTON,2019,1,25.426034946236562,8.64,74.76,7.830863602989711,0.16722553690903333
HB_HOUSTON,2019,2,21.50781249999998,5.47,57.38,6.6968686862040805,0.18553234197688143
HB_HOUSTON,2019,3,27.832032301480492,8.18,651.0,32.6440667231485,0.20182401714705311
HB_HOUSTON,2019,4,23.870652777777796,5.4,106.31,11.99962983858817,0.18743594691907908
HB_HOUSTON,2019,5,24.794274193548365,9.59,67.67,8.953671879096621,0.13278531055250684
HB_HOUSTON,2019,6,26.897680555555574,9.93,111.16,15.453808881248248,0.15374476519702654
HB_HOUSTON,2019,7,29.91100806451612,11.34,274.33,26.800292086352286,0.19392415106081465
HB_HOUSTON,2019,8,126.62533602150543,10.32,3499.86,401.4410640782598,0.5121103774647437
HB_HOUSTON,2019,9,80.5876527777777,7.97,5011.16,380.543067820698,0.3487817253178421
HB_HOUSTON,2019,10,30.393602150537653,9.65,870.3,55.0885931424054,0.2235966189728179
HB_HOUSTON,2019,11,24.0215,3.79,198.8,14.300458495621012,0.22413905918663757
HB_HOUSTON,2019,12,18.67249999999999,3.8,59.43,6.6220555812474515,0.18384344409201026
HB_HUBAVG,2016,1,19.25869623655914,5.13,54.53,5.5123168382360115,0.1632618228319788
HB_HUBAVG,2016,2,15.269252873563223,1.52,50.9,5.812592533369642,0.22582143923871129
HB_HUBAVG,2016,3,16.654347240915186,1.05,65.81,7.426260850084184,0.21529204129667362
HB_HUBAVG,2016,4,18.16686111111111,1.07,94.38,9.574284135033096,0.2320960327559978
HB_HUBAVG,2016,5,18.247002688172035,2.64,73.06,8.214961649765993,0.17604394505007998
HB_HUBAVG,2016,6,24.297847222222227,4.15,115.88,11.861734726158794,0.14928614299161128
HB_HUBAVG,2016,7,27.459206989247352,5.86,99.3,12.793737081962158,0.15774869732060245
HB_HUBAVG,2016,8,30.948534946236535,13.39,232.88,28.067207749952498,0.18714153059599556
HB_HUBAVG,2016,9,27.188138888888897,10.99,203.88,15.16413774610703,0.13921402050276135
HB_HUBAVG,2016,10,25.769059139784947,2.96,277.51,16.816964578457856,0.19037467567706565
HB_HUBAVG,2016,11,19.489305555555553,2.37,49.27,6.544536122879047,0.18704799267138264
HB_HUBAVG,2016,12,25.36259408602154,2.34,139.98,11.198097445441174,0.2076869228547113
HB_HUBAVG,2017,1,23.325551075268802,1.84,96.27,7.577709890137224,0.20029741254774255
HB_HUBAVG,2017,2,20.352127976190452,2.34,53.19,7.066815784413845,0.19699594366209822
HB_HUBAVG,2017,3,23.233230148048435,4.36,87.72,8.870794538909273,0.1524772056519016
HB_HUBAVG,2017,4,24.830486111111128,8.6,91.68,8.938620642163299,0.14512427330918543
HB_HUBAVG,2017,5,25.905026881720417,4.18,65.97,8.793912445332902,0.15416460454603517
HB_HUBAVG,2017,6,28.513847222222214,14.64,88.26,12.215149025157547,0.1374217862805658
HB_HUBAVG,2017,7,31.864408602150526,16.7,263.26,18.501171755106707,0.15745997993922953
HB_HUBAVG,2017,8,27.83861559139788,16.62,90.23,11.25476501294963,0.12541227348752482
HB_HUBAVG,2017,9,24.51969444444443,8.4,61.96,8.268483617032992,0.1204389633711665
HB_HUBAVG,2017,10,24.701451612903266,3.48,109.91,12.05308567698832,0.16767910537410555
HB_HUBAVG,2017,11,23.16713888888889,3.68,91.6,8.902537112871347,0.16900796211987165
HB_HUBAVG,2017,12,21.209852150537618,4.55,56.06,5.336605259728787,0.15908336102397316
HB_HUBAVG,2018,1,37.77303763440862,5.24,1658.38,87.50519670270873,0.21989102382955714
HB_HUBAVG,2018,2,21.83005952380953,4.2,73.4,7.607576739110757,0.20028682627738667
HB_HUBAVG,2018,3,22.40343203230148,6.13,69.98,8.604464627194634,0.18721364834291762
HB_HUBAVG,2018,4,22.450305555555552,4.42,53.51,7.838026572185339,0.1657973615864388
HB_HUBAVG,2018,5,32.83485215053763,7.13,536.14,37.757652134754366,0.2285820875454252
HB_HUBAVG,2018,6,29.781861111111088,14.66,113.13,14.418706406790347,0.1450811591754645
HB_HUBAVG,2018,7,78.83232526881713,9.95,2061.56,233.32551272329218,0.37803242989625785
HB_HUBAVG,2018,8,31.69458333333332,12.87,149.94,18.560145316602355,0.16249243518146703
HB_HUBAVG,2018,9,27.05302777777778,14.75,88.41,10.301125773944907,0.12028442347045257
HB_HUBAVG,2018,10,29.889112903225822,9.98,95.61,10.165972310649039,0.13641576816203357
HB_HUBAVG,2018,11,30.277208333333338,8.42,105.98,11.820105869491796,0.17272712987699773
HB_HUBAVG,2018,12,30.191989247311827,6.45,117.99,10.318657868630199,0.17759086422047712
HB_HUBAVG,2019,1,24.68340053763441,5.59,75.44,8.21035899011041,0.17018460947525857
HB_HUBAVG,2019,2,21.250639880952367,4.85,56.86,7.0730121645770625,0.189975145842548
HB_HUBAVG,2019,3,27.189030955585476,5.95,674.86,34.35972336363792,0.20636687864187955
HB_HUBAVG,2019,4,22.221166666666647,4.4,103.18,12.112938760854048,0.19822297365492006
HB_HUBAVG,2019,5,23.88376344086022,9.03,67.33,8.577879707268158,0.1335116338129654
HB_HUBAVG,2019,6,25.17154166666668,8.6,102.85,13.788867563759192,0.14843960921643198
HB_HUBAVG,2019,7,29.69623655913976,11.28,274.53,26.839811239624783,0.19427336887234253
HB_HUBAVG,2019,8,126.34983870967757,9.9,3499.49,401.12725896834405,0.5135071933370576
HB_HUBAVG,2019,9,79.4591944444445,7.89,5008.13,380.1739002592013,0.3495018778569232
HB_HUBAVG,2019,10,28.131760752688177,6.05,851.39,53.417383946265424,0.231139342470164
HB_HUBAVG,2019,11,23.2572361111111,2.91,201.15,14.540368868864523,0.2303554954497062
HB_HUBAVG,2019,12,18.623373655914005,3.49,60.41,6.752492529393898,0.18521480553487263
HB_NORTH,2016,1,19.133306451612892,5.09,55.56,5.465482000164042,0.16153990671745502
HB_NORTH,2016,2,15.292658045977005,2.0,51.26,5.741953441774283,0.21902003403896483
HB_NORTH,2016,3,16.859367429340523,1.46,60.79,7.259944346713296,0.20980765528525783
HB_NORTH,2016,4,18.350666666666676,1.3,90.11,9.314117201804844,0.22581999236180358
HB_NORTH,2016,5,17.905631720430126,3.55,74.68,7.666826119704723,0.16869153163873687
HB_NORTH,2016,6,23.15805555555555,3.64,101.0,10.378440279708135,0.14570476063214557
HB_NORTH,2016,7,26.8007930107527,9.02,98.94,11.667287327521286,0.15034400879033996
HB_NORTH,2016,8,29.82838709677418,13.37,223.94,25.427223868923868,0.18400927353662033
HB_NORTH,2016,9,26.249180555555544,10.7,200.0,14.525627155172383,0.13722723973558956
HB_NORTH,2016,10,24.005255376344078,2.71,269.05,15.390332528302768,0.1901775211553514
HB_NORTH,2016,11,18.66488888888888,1.92,47.62,6.101731530063151,0.18974388145140508
HB_NORTH,2016,12,25.149045698924702,3.17,138.12,10.941741566558264,0.20413980009707636
HB_NORTH,2017,1,22.991854838709685,2.02,96.37,7.400329722413332,0.19266642559065744
HB_NORTH,2017,2,19.4481994047619,4.77,51.8,5.934393190161845,0.17689286237938048
HB_NORTH,2017,3,21.227779273216694,5.46,63.71,6.777892002262999,0.14839966370006819
HB_NORTH,2017,4,21.41055555555557,7.16,61.79,6.244917842248714,0.14110483127300752
HB_NORTH,2017,5,23.41991935483871,5.2,62.98,6.722616735124593,0.13754456259272554
HB_NORTH,2017,6,25.890569444444427,15.33,70.82,9.048123147849383,0.12413717803506018
HB_NORTH,2017,7,30.65431451612902,16.47,244.42,16.651010261624062,0.15029304256658424
HB_NORTH,2017,8,26.832728494623666,16.61,85.93,10.255855876488063,0.12215581905097943
HB_NORTH,2017,9,23.346111111111103,8.29,54.32,7.2612509134234475,0.1159327091414081
HB_NORTH,2017,10,21.405900537634427,1.88,75.0,7.791168430578762,0.16715172234418585
HB_NORTH,2017,11,21.59620833333333,3.19,69.49,7.568659608784363,0.17846018929217256
HB_NORTH,2017,12,20.952997311827954,6.18,53.18,4.987721615378066,0.15549777044875362
HB_NORTH,2018,1,37.5859005376344,6.24,1659.26,87.45206198148666,0.21889645340615602
HB_NORTH,2018,2,21.767023809523774,6.39,73.33,7.452917156357076,0.19583409022885678
HB_NORTH,2018,3,22.608008075370122,8.57,69.87,8.217259861945996,0.1810300234511793
HB_NORTH,2018,4,23.522916666666667,8.06,52.98,7.0269326382005435,0.15311262614764543
HB_NORTH,2018,5,35.3061424731183,9.32,550.83,39.46338334548294,0.2260362384502987
HB_NORTH,2018,6,30.21188888888888,15.35,115.08,15.084811187253623,0.1472635307007095
HB_NORTH,2018,7,78.96845430107523,9.79,2063.87,233.55245524774722,0.3776166969242335
HB_NORTH,2018,8,31.603051075268784,12.0,150.0,18.64059523762587,0.16352091888682863
HB_NORTH,2018,9,27.299638888888918,14.02,89.78,10.928677673760703,0.1231082668992018
HB_NORTH,2018,10,30.03416666666664,9.57,95.0,10.334967046572814,0.13826345621774885
HB_NORTH,2018,11,31.234888888888918,9.38,114.35,11.596295053094748,0.17060777230288765
HB_NORTH,2018,12,30.39826612903227,6.96,117.3,9.919452147482726,0.17412577660740497
HB_NORTH,2019,1,24.33263440860215,5.41,75.1,8.213235570821181,0.17046048619256482
HB_NORTH,2019,2,20.864955357142883,4.48,56.39,7.018780915655381,0.18960735314510305
HB_NORTH,2019,3,28.103714670255727,8.95,676.5,34.15559397316518,0.19787281132349654
HB_NORTH,2019,4,22.99740277777778,5.53,100.8,11.622436364291051,0.18675312286425524
HB_NORTH,2019,5,23.97888440860211,9.96,67.3,8.688466045637163,0.13323498342569076
HB_NORTH,2019,6,25.175819444444464,8.17,101.27,13.602406822767918,0.1481962088889098
HB_NORTH,2019,7,29.781290322580663,11.22,274.65,26.916675138030318,0.19500548540066928
HB_NORTH,2019,8,126.52185483870967,10.0,3500.92,401.5181039277682,0.5129269729137952
HB_NORTH,2019,9,79.91958333333324,7.81,5010.22,380.5384254197815,0.3497223427975596
HB_NORTH,2019,10,27.995967741935484,6.11,853.71,53.323601612869396,0.23545667659420563
HB_NORTH,2019,11,23.628611111111105,3.49,212.85,15.12134180687971,0.22979272430220377
HB_NORTH,2019,12,18.7319892473118,4.01,59.75,6.806604034839857,0.1861954226096245
HB_PAN,2019,4,16.54876666666666,-19.01,99.64,14.227681951102408,0.5673047143090779
HB_PAN,2019,5,16.414327956989226,-15.06,67.69,13.544792459757307,0.8161238904534782
HB_PAN,2019,6,20.731319444444456,-11.58,100.06,15.826254741623815,0.4267742812656484
HB_PAN,2019,7,28.384569892473117,0.5,274.16,27.36512057912496,0.2467400244724198
HB_PAN,2019,8,124.9917338709677,-9.99,3497.75,401.49762789284887,0.5909518423706488
HB_PAN,2019,9,72.85329166666678,-14.97,5010.1,381.54704670945955,0.6654376204136194
HB_PAN,2019,10,18.71676075268816,-20.69,843.05,54.795727595405175,0.7135029452741762
HB_PAN,2019,11,11.661291666666664,-29.98,211.43,21.725598922420964,0.6922563065043629
HB_PAN,2019,12,8.81724462365592,-27.84,60.3,16.045190188916138,0.7660397589232352
HB_SOUTH,2016,1,19.210053763440854,5.18,54.4,5.458224904565119,0.16299007929696013
HB_SOUTH,2016,2,15.333591954022989,2.02,50.25,5.766310020451892,0.22075575759026192
HB_SOUTH,2016,3,16.763109017496653,1.0,69.59,7.562570221381636,0.21644460181094582
HB_SOUTH,2016,4,18.51290277777777,1.17,99.0,9.962189284750309,0.23120861537061013
HB_SOUTH,2016,5,18.570456989247315,2.77,71.92,8.661368325580215,0.1787651623244394
HB_SOUTH,2016,6,24.645374999999984,4.93,119.5,11.984516256441225,0.15297294704699585
HB_SOUTH,2016,7,26.960255376344076,-27.74,100.15,14.223926454532691,0.35524438495199545
HB_SOUTH,2016,8,31.20797043010751,13.44,237.08,28.706992658650858,0.18766378098935177
HB_SOUTH,2016,9,27.405569444444456,11.08,203.25,15.053059746843541,0.13923661897087136
HB_SOUTH,2016,10,26.68966397849464,3.43,282.46,17.671567723574363,0.190593119185826
HB_SOUTH,2016,11,20.14883333333334,3.2,49.27,6.918300399465621,0.18333589962971406
HB_SOUTH,2016,12,25.708991935483862,2.72,141.49,11.367082161043967,0.20651218253539919
HB_SOUTH,2017,1,23.624811827956986,1.89,96.01,7.575724207807043,0.1984658692292455
HB_SOUTH,2017,2,21.079360119047603,3.29,53.41,7.134705341168082,0.1899269487741548
HB_SOUTH,2017,3,23.680753701211305,5.02,78.22,8.666648996123275,0.14900632944520928
HB_SOUTH,2017,4,25.6094027777778,8.88,94.72,9.029660940162142,0.1412997505823822
HB_SOUTH,2017,5,26.49501344086023,4.73,68.65,9.192251989315865,0.1536863147569645
HB_SOUTH,2017,6,29.65469444444443,15.39,98.22,13.388315766817483,0.14122460909552034
HB_SOUTH,2017,7,32.12946236559143,17.07,268.53,18.901360436732627,0.158871513092397
HB_SOUTH,2017,8,28.315026881720453,16.63,91.52,11.581170602149854,0.1268024799092309
HB_SOUTH,2017,9,25.51509722222224,8.68,68.76,8.801109045773565,0.12220247176960099
HB_SOUTH,2017,10,25.56365591397848,4.63,113.12,11.443610361693004,0.158105832275479
HB_SOUTH,2017,11,23.97718055555557,5.09,92.56,8.787211894234105,0.16114896114379004
HB_SOUTH,2017,12,21.99791666666665,5.73,64.46,5.585505404189781,0.1570139149948745
HB_SOUTH,2018,1,39.498145161290296,6.01,1675.95,88.67166127106827,0.2158694960470664
HB_SOUTH,2018,2,22.306398809523813,4.08,74.89,7.797641728131434,0.2015584631004772
HB_SOUTH,2018,3,22.888452220726812,7.37,70.15,7.99013498228365,0.17594636842221933
HB_SOUTH,2018,4,24.471888888888902,7.06,54.92,7.698613356269684,0.15725088139745433
HB_SOUTH,2018,5,34.2260752688172,9.67,531.39,37.16877772907251,0.22016003897031358
HB_SOUTH,2018,6,30.068638888888913,16.07,114.49,13.9785372968641,0.1416123243518076
HB_SOUTH,2018,7,78.8473790322581,10.07,2058.15,232.88427198288306,0.3778706155487698
HB_SOUTH,2018,8,31.66752688172045,14.7,149.28,18.317685981494456,0.16119866505226368
HB_SOUTH,2018,9,27.189805555555555,15.64,87.78,10.218478841636117,0.11957421562094148
HB_SOUTH,2018,10,29.772513440860244,14.49,93.43,9.647190833725764,0.13322095295197287
HB_SOUTH,2018,11,29.837180555555587,9.46,104.24,11.002205151109665,0.16710093188197753
HB_SOUTH,2018,12,30.089301075268807,6.18,118.6,10.294004189647126,0.17779029977786737
HB_SOUTH,2019,1,25.086061827956964,7.0,74.19,7.680102234868328,0.16667429714772203
HB_SOUTH,2019,2,22.125639880952377,5.75,58.75,6.98671715324944,0.1836895700588345
HB_SOUTH,2019,3,27.13555854643338,6.63,685.53,34.99492019245875,0.20578234330378803
HB_SOUTH,2019,4,22.463333333333342,4.21,105.56,11.90811907317516,0.1982814437521459
HB_SOUTH,2019,5,24.059946236559167,9.4,66.0,8.276677345653288,0.13053512344596913
HB_SOUTH,2019,6,23.904361111111104,10.55,104.57,12.982437741673447,0.1467907313459224
HB_SOUTH,2019,7,29.637500000000028,11.46,274.37,26.76676244782117,0.19359859688190278
HB_SOUTH,2019,8,125.93654569892459,10.49,3497.19,400.26523323143147,0.5155278697219048
HB_SOUTH,2019,9,78.90047222222212,8.03,5000.73,379.0236350930704,0.353642710930201
HB_SOUTH,2019,10,29.468400537634416,8.4,838.47,52.06511827553334,0.2213647113255092
HB_SOUTH,2019,11,23.718555555555533,3.95,181.03,13.497690540509819,0.2209856517288116
HB_SOUTH,2019,12,18.95251344086021,3.58,69.69,6.656832472968684,0.18233172971393255
HB_WEST,2016,1,19.126559139784952,4.84,55.96,5.552808074476875,0.16332536366655115
HB_WEST,2016,2,14.988663793103447,-0.61,51.36,6.017304549324409,0.2828206220652733
HB_WEST,2016,3,15.871668909825038,0.38,60.57,7.38101028616066,0.23765939086328886
HB_WEST,2016,4,16.86274999999999,-0.05,90.43,9.270893627043186,0.30557211529330974
HB_WEST,2016,5,17.337674731182776,1.06,71.97,7.648550692442676,0.1951731077209469
HB_WEST,2016,6,23.141930555555533,3.73,102.08,10.28663749776717,0.1449778936152823
HB_WEST,2016,7,26.543561827957014,9.03,96.73,11.548332657215811,0.1508298149210373
HB_WEST,2016,8,29.786733870967733,13.26,224.54,25.37416828923725,0.18453158395862643
HB_WEST,2016,9,26.354250000000036,10.68,201.03,14.581646674594005,0.13663890184333263
HB_WEST,2016,10,24.113938172042996,1.58,273.75,15.80581918160384,0.19886159891692892
HB_WEST,2016,11,18.778416666666644,0.8,48.69,6.2965959405148775,0.20222459738278384
HB_WEST,2016,12,24.86266129032258,0.26,137.73,11.297255966368272,0.23398926159649538
HB_WEST,2017,1,21.901720430107524,-0.4,96.47,8.329261364773265,0.30840371352411966
HB_WEST,2017,2,17.616681547619056,-4.3,52.13,8.353607598538456,0.4947652458460962
HB_WEST,2017,3,19.813593539703888,-0.05,64.77,8.285855409811548,0.2897377236580555
HB_WEST,2017,4,19.996097222222236,-0.95,67.92,8.115485320873688,0.26166248914042917
HB_WEST,2017,5,22.166612903225815,1.2,53.75,6.960570769950853,0.19172990032260695
HB_WEST,2017,6,25.331694444444455,11.13,73.8,8.68839524121474,0.12814988133012922
HB_WEST,2017,7,30.29364247311829,16.53,233.81,16.116670387293876,0.15077549669436655
HB_WEST,2017,8,26.817043010752666,16.63,86.37,10.236244257218413,0.12325343457354755
HB_WEST,2017,9,22.678819444444443,8.32,54.25,6.831218681457303,0.1145222308172916
HB_WEST,2017,10,21.693830645161306,1.84,70.17,8.016050770997207,0.1725329677655967
HB_WEST,2017,11,21.00179166666666,-0.09,73.34,8.324036361486979,0.25146911103355063
HB_WEST,2017,12,20.33803763440862,-2.28,53.28,6.117314012983186,0.25870592474130694
HB_WEST,2018,1,36.051639784946275,0.21,1661.14,87.99336444454858,0.2817619813639411
HB_WEST,2018,2,21.087604166666658,1.05,73.33,8.12356220846839,0.23533514266818403
HB_WEST,2018,3,20.3336204576043,-0.62,69.7,9.999361985102992,0.44004745435661735
HB_WEST,2018,4,17.156625000000005,-5.98,52.8,11.163072038103403,0.4867101388192553
HB_WEST,2018,5,27.692016129032254,-4.56,531.53,38.01272945351063,0.4563150734693288
HB_WEST,2018,6,28.277027777777782,7.12,107.0,13.839546440320046,0.1595341087896077
HB_WEST,2018,7,78.51755376344079,9.71,2066.82,233.86985552369822,0.37977263571428715
HB_WEST,2018,8,31.560120967741923,10.83,150.33,18.630238668683326,0.1640721883900425
HB_WEST,2018,9,26.139597222222196,7.07,85.07,10.06953208802467,0.12465729384557742
HB_WEST,2018,10,28.76133064516124,2.39,95.58,10.31509220988028,0.15230498513130283
HB_WEST,2018,11,28.715250000000026,1.04,115.67,13.658234997523145,0.2365648750696159
HB_WEST,2018,12,29.9440053763441,0.0,119.86,11.728604670439227,0.19983076207263528
HB_WEST,2019,1,23.881545698924697,0.63,75.83,9.6846452488892,0.21519090075390201
HB_WEST,2019,2,20.491160714285716,3.1,57.22,7.910899373907354,0.21797635099436066
HB_WEST,2019,3,25.66967698519515,-0.28,686.52,35.93572452588236,0.38009536596738525
HB_WEST,2019,4,19.551875000000013,-0.3,100.0,13.864652786735466,0.4538168772883261
HB_WEST,2019,5,22.70266129032257,4.5,68.36,9.238910469479,0.1696100075443345
HB_WEST,2019,6,24.708555555555577,5.04,100.16,13.52178500335738,0.15781765553759133
HB_WEST,2019,7,29.455470430107532,11.03,274.78,26.90684361192509,0.1959556058441488
HB_WEST,2019,8,126.31528225806449,8.11,3500.0,401.2889789739431,0.5144846380607814
HB_WEST,2019,9,78.42925000000012,5.57,5010.39,380.61810476050834,0.35740487828159784
HB_WEST,2019,10,24.668131720430107,-1.42,843.07,53.57664233513755,0.5427815834237626
HB_WEST,2019,11,21.66026388888888,0.08,211.91,15.695236507495919,0.3103877463931194
HB_WEST,2019,12,18.136424731182792,2.15,60.71,7.188677044101669,0.19955702173748757
LZ_AEN,2016,1,19.324663978494627,5.35,55.02,5.499657950454569,0.1623508474867806
LZ_AEN,2016,2,15.448290229885073,2.24,51.51,5.742451493814364,0.21591798638137144
LZ_AEN,2016,3,16.855074024226113,1.32,65.27,7.360407832780968,0.2122283965606029
LZ_AEN,2016,4,18.25606944444444,1.17,88.34,9.345574036423606,0.22868657611200277
LZ_AEN,2016,5,18.12490591397849,2.8,76.57,7.977659806006315,0.17379709809195792
LZ_AEN,2016,6,24.2375138888889,8.23,110.8,11.583286461242357,0.14131309161286068
LZ_AEN,2016,7,27.976102150537606,9.29,98.6,12.613121790972757,0.14944046473440145
LZ_AEN,2016,8,30.699516129032325,13.61,235.36,26.82729886707015,0.1838741200019066
LZ_AEN,2016,9,26.710861111111146,11.13,200.12,14.465315413858335,0.13692977409742205
LZ_AEN,2016,10,25.622903225806493,3.29,274.56,16.09970957367572,0.18495571089885238
LZ_AEN,2016,11,19.640041666666637,3.74,48.6,6.210652441851585,0.1786978184966864
LZ_AEN,2016,12,25.870174731182786,3.21,136.8,11.452260949599369,0.20524452583838934
LZ_AEN,2017,1,23.40447580645163,1.92,95.99,7.539809858297446,0.19840341835277353
LZ_AEN,2017,2,20.605327380952374,3.45,52.96,6.758118121814661,0.18666511360695884
LZ_AEN,2017,3,22.99701211305518,4.9,67.99,7.932145538218249,0.1466446101603467
LZ_AEN,2017,4,24.118083333333328,8.94,85.65,8.008669689884142,0.13930888369643826
LZ_AEN,2017,5,25.293844086021508,4.9,66.94,8.173940241146443,0.14860570998727715
LZ_AEN,2017,6,27.91663888888888,15.47,84.47,11.335981832091646,0.13292935385868818
LZ_AEN,2017,7,31.40143817204301,16.95,257.95,17.939957768598738,0.15560659205621946
LZ_AEN,2017,8,27.465618279569895,16.63,88.71,10.953641559437648,0.1246188255556388
LZ_AEN,2017,9,24.628805555555562,8.82,60.58,8.027509687575206,0.11824023123915951
LZ_AEN,2017,10,24.01990591397848,5.24,102.26,10.015021859408657,0.15005663913155554
LZ_AEN,2017,11,23.019444444444446,3.63,86.69,8.471820948161977,0.1689347897290908
LZ_AEN,2017,12,21.062930107526874,5.06,55.3,5.323136125738609,0.16076434940888762
LZ_AEN,2018,1,38.83798387096776,6.03,1661.37,87.54376856158724,0.2160238729254323
LZ_AEN,2018,2,21.913883928571398,4.55,74.11,7.665640874662351,0.20204825280248773
LZ_AEN,2018,3,22.202826379542397,5.26,70.37,8.593805694422064,0.19059371541337855
LZ_AEN,2018,4,22.18848611111112,4.79,51.24,7.5284459208469405,0.16536655745976148
LZ_AEN,2018,5,33.166169354838736,6.86,529.23,36.91196660038251,0.223883740902945
LZ_AEN,2018,6,30.28612499999999,15.91,114.74,14.40942828460662,0.14302691850592014
LZ_AEN,2018,7,78.95137096774195,10.02,2060.9,233.09134385258966,0.37743608667522144
LZ_AEN,2018,8,31.732137096774153,13.9,149.54,18.45947088295388,0.16164866690060148
LZ_AEN,2018,9,27.16730555555553,15.15,88.03,10.290747790482115,0.11968280236484263
LZ_AEN,2018,10,30.310000000000006,12.77,96.35,10.204651355469013,0.13543261964631156
LZ_AEN,2018,11,30.468083333333325,8.65,106.64,11.762673463238764,0.17310784766520404
LZ_AEN,2018,12,30.094758064516125,6.57,117.25,10.177423696802727,0.17785488822377887
LZ_AEN,2019,1,25.107956989247317,6.75,76.2,7.957236317830307,0.1679604733267769
LZ_AEN,2019,2,21.51380952380956,5.46,57.06,6.768265769861141,0.18458314879548124
LZ_AEN,2019,3,27.74218034993274,7.11,685.8,34.684874016437796,0.20476000748993226
LZ_AEN,2019,4,23.270347222222245,4.63,106.86,12.494342464514746,0.19333500735799475
LZ_AEN,2019,5,24.676236559139774,9.12,68.42,8.730179494173765,0.13039271858068718
LZ_AEN,2019,6,24.416791666666676,10.2,101.71,12.944277307181554,0.1446816600629722
LZ_AEN,2019,7,29.709086021505378,11.37,274.59,26.803671565521057,0.19393201487846767
LZ_AEN,2019,8,126.52692204301066,10.34,3500.89,401.4603431233801,0.5130292914372955
LZ_AEN,2019,9,80.16959722222228,7.88,5010.17,380.27675207770636,0.3482775719235695
LZ_AEN,2019,10,29.280443548387094,8.07,844.89,52.951009092061675,0.22787663292094673
LZ_AEN,2019,11,24.408013888888913,3.77,209.08,14.919535273175907,0.22381079285417568
LZ_AEN,2019,12,19.05170698924731,3.76,59.87,6.6079738458477095,0.17981888726378636
LZ_CPS,2016,1,19.3538440860215,5.28,56.19,5.548379633953353,0.16327833162176358
LZ_CPS,2016,2,15.520014367816108,2.16,52.06,5.806936573951365,0.21697707864375287
LZ_CPS,2016,3,16.898183041722756,1.31,68.18,7.4787800119938135,0.21234793738385174
LZ_CPS,2016,4,19.069361111111103,1.14,114.4,11.093882920603836,0.23191513432443636
LZ_CPS,2016,5,18.479865591397857,2.77,72.34,8.10097509928891,0.1732160663190113
LZ_CPS,2016,6,24.958069444444472,5.22,109.62,11.206274234574298,0.14893781502700096
LZ_CPS,2016,7,27.967956989247316,9.4,97.14,12.727757359220302,0.15157880394745485
LZ_CPS,2016,8,31.30657258064518,13.43,235.47,28.075727181019584,0.18726522161553966
LZ_CPS,2016,9,28.130249999999958,11.0,204.18,15.534595093591461,0.14086279586904724
LZ_CPS,2016,10,26.250295698924717,3.38,280.2,16.82894382852078,0.18735044732114214
LZ_CPS,2016,11,21.71466666666668,2.87,59.5,8.848424650970035,0.19375711853270056
LZ_CPS,2016,12,26.596424731182818,2.69,142.19,12.32636452086304,0.20945483347267477
LZ_CPS,2017,1,23.772567204301065,1.99,102.73,8.263795366427962,0.20720982574554492
LZ_CPS,2017,2,20.919479166666655,3.01,53.54,7.090201201766599,0.1917248919229243
LZ_CPS,2017,3,23.861547779273234,5.34,81.08,8.77160423540679,0.14898260627769447
LZ_CPS,2017,4,25.337902777777774,9.76,94.38,8.856499819832033,0.14086053536452597
LZ_CPS,2017,5,26.537029569892443,4.61,69.09,9.17443581869306,0.15221873305381978
LZ_CPS,2017,6,30.41599999999999,15.28,99.32,13.078528214227616,0.1500868730208314
LZ_CPS,2017,7,32.1152956989247,17.13,264.71,18.55076747930554,0.15712838543349403
LZ_CPS,2017,8,28.13756720430108,16.64,90.66,11.296724158422814,0.12657280468663698
LZ_CPS,2017,9,25.136652777777797,8.6,63.5,8.524027533209788,0.12049677270930244
LZ_CPS,2017,10,25.275954301075267,4.53,107.6,11.067209878064242,0.1583875487632478
LZ_CPS,2017,11,23.572569444444426,4.01,90.5,8.736653333481904,0.1662995753703227
LZ_CPS,2017,12,22.04837365591397,5.38,102.48,6.837747294597056,0.16596156739334564
LZ_CPS,2018,1,41.312876344086014,6.06,1708.38,91.99257259535396,0.22117832100838178
LZ_CPS,2018,2,22.517395833333318,4.64,74.85,7.7252541851127825,0.19962393871907413
LZ_CPS,2018,3,25.289273216689107,8.33,236.9,12.25699946394771,0.21598079921379196
LZ_CPS,2018,4,26.535375000000013,9.16,60.9,8.455876699858672,0.1641832642435335
LZ_CPS,2018,5,36.05559139784947,9.53,531.71,37.3016459705569,0.21774975262838048
LZ_CPS,2018,6,30.727277777777783,16.27,114.42,14.186371060728069,0.13989973202553657
LZ_CPS,2018,7,79.12443548387105,10.09,2059.23,232.95766854170347,0.37674958137632764
LZ_CPS,2018,8,31.865685483871015,15.14,149.75,18.407107090852417,0.1605431322260075
LZ_CPS,2018,9,27.512986111111136,15.22,89.04,10.398470471661467,0.1196887743718712
LZ_CPS,2018,10,31.635967741935485,16.83,97.46,11.247464610562199,0.13732860881005246
LZ_CPS,2018,11,32.041208333333316,10.5,109.16,12.324589758862954,0.17669478578554537
LZ_CPS,2018,12,30.309220430107572,6.4,119.92,10.454818175329743,0.17839568891065155
LZ_CPS,2019,1,26.798333333333357,10.55,82.89,8.149951236618797,0.16682654031419214
LZ_CPS,2019,2,24.11011904761902,6.02,86.42,9.27527395769405,0.19516022349289122
LZ_CPS,2019,3,29.351695827725433,6.47,725.84,38.72171315807935,0.20597042561638423
LZ_CPS,2019,4,25.363597222222218,4.99,114.28,14.19762467073109,0.20678201975522792
LZ_CPS,2019,5,26.246075268817183,9.35,80.88,9.843087957448544,0.13801130584168173
LZ_CPS,2019,6,26.391291666666703,11.52,155.41,16.042464498165355,0.16558050621306003
LZ_CPS,2019,7,30.667177419354825,11.52,276.56,27.07773047820001,0.19124539422358688
LZ_CPS,2019,8,127.69620967741939,10.84,3504.12,401.5136414355442,0.5079358295498939
LZ_CPS,2019,9,82.43634722222212,8.39,5011.57,379.8961059615471,0.34305626297946257
LZ_CPS,2019,10,33.553602150537664,9.08,846.37,53.66086954681066,0.2183832094143463
LZ_CPS,2019,11,25.57513888888891,4.88,213.22,15.15554112146572,0.21714254147890522
LZ_CPS,2019,12,19.997862903225816,3.86,104.42,7.934246324652644,0.18586019832838405
LZ_HOUSTON,2016,1,19.563938172043017,5.19,54.94,5.6546752606172035,0.16645188070804134
LZ_HOUSTON,2016,2,15.487988505747138,2.1,50.75,5.820989036078067,0.2203307377771561
LZ_HOUSTON,2016,3,17.206729475100946,1.35,73.24,7.8052462273335905,0.2123509597972576
LZ_HOUSTON,2016,4,19.128930555555566,1.26,106.23,10.76590904675306,0.23171173143653334
LZ_HOUSTON,2016,5,19.903991935483887,3.03,76.88,10.639855925260376,0.18915928106417704
LZ_HOUSTON,2016,6,29.915083333333325,4.32,174.68,22.48010937821404,0.19698156862814656
LZ_HOUSTON,2016,7,29.91186827956986,10.06,106.26,15.655496426994176,0.16300063996274844
LZ_HOUSTON,2016,8,33.56354838709678,13.49,285.0,34.75633864422278,0.20171329186879736
LZ_HOUSTON,2016,9,29.032680555555544,11.48,214.55,17.38997939866895,0.15209110481599392
LZ_HOUSTON,2016,10,28.545819892473133,3.98,287.59,19.49473507624443,0.1987323291943158
LZ_HOUSTON,2016,11,20.437680555555556,3.06,54.65,7.5718808765774295,0.19192409515072778
LZ_HOUSTON,2016,12,25.736841397849467,2.91,143.23,11.349051286814545,0.20678311574783553
LZ_HOUSTON,2017,1,24.827365591397836,3.0,96.36,7.946976082218833,0.1945809452223418
LZ_HOUSTON,2017,2,23.517217261904765,4.52,60.22,8.849387367235066,0.18758345007585248
LZ_HOUSTON,2017,3,28.742005383580064,6.81,152.46,15.087172623753816,0.15918634598278064
LZ_HOUSTON,2017,4,32.96706944444447,10.74,147.81,16.991265862206326,0.16645712991041745
LZ_HOUSTON,2017,5,32.36264784946243,4.99,109.86,15.906692890509005,0.1873535006664949
LZ_HOUSTON,2017,6,33.668916666666625,15.43,139.24,19.392458894323102,0.17083617427589937
LZ_HOUSTON,2017,7,34.72583333333334,16.72,311.81,23.44306141506571,0.17552997191369304
LZ_HOUSTON,2017,8,30.031478494623677,16.61,101.75,14.431593938247431,0.1391382829466371
LZ_HOUSTON,2017,9,27.41002777777777,8.33,84.99,12.57163769240294,0.14845169932165905
LZ_HOUSTON,2017,10,31.339381720430104,4.41,274.2,26.117447047199036,0.2088735292390272
LZ_HOUSTON,2017,11,26.33962499999996,4.82,131.01,12.833731620771,0.17252434110970888
LZ_HOUSTON,2017,12,21.979784946236585,6.29,68.39,5.791050547258558,0.16010003790770932
LZ_HOUSTON,2018,1,38.044986559139794,6.18,1638.04,86.06439847614334,0.21612510806572804
LZ_HOUSTON,2018,2,22.375848214285735,5.1,72.15,7.394902533647276,0.1960851415416989
LZ_HOUSTON,2018,3,23.933458950201892,8.01,71.42,9.109086945117879,0.1886117410513015
LZ_HOUSTON,2018,4,24.728347222222226,8.41,59.21,7.916439430638188,0.1598994587674293
LZ_HOUSTON,2018,5,35.53303763440861,8.42,550.1,39.48106603358094,0.2263417930934313
LZ_HOUSTON,2018,6,31.80234722222222,15.81,119.76,16.793934932973716,0.15275930581658337
LZ_HOUSTON,2018,7,79.56653225806457,9.95,2060.38,233.5603868265196,0.3757485078007402
LZ_HOUSTON,2018,8,32.159623655913954,13.48,151.05,18.890233331961973,0.16235353339498929
LZ_HOUSTON,2018,9,27.722416666666632,15.14,92.18,10.88696961345971,0.12158617794535724
LZ_HOUSTON,2018,10,31.781115591397857,12.74,101.62,11.51412697597704,0.13781469888123513
LZ_HOUSTON,2018,11,31.730333333333313,10.05,105.13,12.015058303485723,0.16679440586878932
LZ_HOUSTON,2018,12,30.462069892473117,6.88,116.52,9.911598247922353,0.17520745444949537
LZ_HOUSTON,2019,1,25.55008064516131,8.85,75.06,7.8473129875161325,0.16692141571879235
LZ_HOUSTON,2019,2,21.644255952380963,5.51,57.43,6.7294652518030995,0.18495185175275228
LZ_HOUSTON,2019,3,28.080323014804854,8.22,651.84,32.70861948439225,0.2012142594289182
LZ_HOUSTON,2019,4,24.264583333333338,5.44,107.4,12.157658167632507,0.18711402250837608
LZ_HOUSTON,2019,5,25.153615591397852,9.58,68.56,9.234248133566334,0.1352335021086644
LZ_HOUSTON,2019,6,27.2267361111111,10.0,113.57,15.762967614787565,0.15467597296927385
LZ_HOUSTON,2019,7,30.013064516129045,11.35,274.79,26.872544946248777,0.19403414754810397
LZ_HOUSTON,2019,8,126.69338709677426,10.33,3500.0,401.4687410183907,0.5118545865358223
LZ_HOUSTON,2019,9,80.77929166666665,7.97,5011.62,380.59549300850233,0.3483073235375196
LZ_HOUSTON,2019,10,30.642379032258074,9.62,872.98,55.33192773650522,0.22350677003119443
LZ_HOUSTON,2019,11,24.18161111111111,3.8,199.8,14.472697576733292,0.22341943827300048
LZ_HOUSTON,2019,12,18.919852150537647,3.8,59.5,6.877407263243724,0.18432276093405625
LZ_LCRA,2016,1,19.31745967741934,5.47,55.4,5.497980113470419,0.1624692049349443
LZ_LCRA,2016,2,15.488548850574706,2.37,51.55,5.732980295709334,0.21429180675092124
LZ_LCRA,2016,3,16.79629878869449,1.34,66.31,7.398862184113166,0.21225325687248067
LZ_LCRA,2016,4,18.39270833333334,1.15,92.5,9.682228462982483,0.2296811978858602
LZ_LCRA,2016,5,18.18278225806455,2.78,73.75,8.005227459392776,0.173134231003641
LZ_LCRA,2016,6,24.16441666666668,4.64,109.44,11.121200540738213,0.14618183807286367
LZ_LCRA,2016,7,27.592217741935475,9.31,99.41,12.674735854902686,0.15064482034642382
LZ_LCRA,2016,8,31.175577956989258,13.43,237.06,28.982726116162144,0.18975132881886297
LZ_LCRA,2016,9,27.03994444444444,11.0,199.29,15.735525242461984,0.14268327356190422
LZ_LCRA,2016,10,26.068440860215063,3.33,281.6,16.98477508373953,0.18866275601751323
LZ_LCRA,2016,11,19.541680555555562,2.88,48.94,6.456588603352812,0.18447696246455567
LZ_LCRA,2016,12,25.487876344086036,2.58,142.23,11.374799922493054,0.20751187828678794
LZ_LCRA,2017,1,23.43627688172043,1.9,97.26,7.606074128174614,0.1990592998479487
LZ_LCRA,2017,2,20.660818452380937,3.1,53.1,6.897614444293981,0.19019910219124558
LZ_LCRA,2017,3,23.437133243607,5.15,69.81,8.22848179557564,0.14939012672160185
LZ_LCRA,2017,4,24.477416666666684,8.91,88.04,8.468541080492486,0.14051443190992577
LZ_LCRA,2017,5,25.637956989247325,4.45,67.39,8.654821736633204,0.15263479175864778
LZ_LCRA,2017,6,28.639083333333343,14.97,91.27,12.485700181943333,0.13936458214544914
LZ_LCRA,2017,7,31.905712365591352,16.84,265.38,18.705559433799934,0.15868613828454542
LZ_LCRA,2017,8,27.678010752688152,16.63,90.36,11.266243870522516,0.12718880341409153
LZ_LCRA,2017,9,24.813430555555563,8.63,61.55,8.36801241320809,0.12056782004110464
LZ_LCRA,2017,10,24.484260752688193,4.56,115.0,11.120629550803754,0.1568518278590916
LZ_LCRA,2017,11,23.047124999999994,3.11,88.12,8.542414682479471,0.16903644434721443
LZ_LCRA,2017,12,21.11766129032256,4.65,58.16,5.44868153395596,0.1641317088605268
LZ_LCRA,2018,1,38.99256720430111,5.87,1669.26,88.49319955468228,0.2227748697603916
LZ_LCRA,2018,2,21.76224702380953,4.3,75.49,7.760105867864692,0.20479329463509627
LZ_LCRA,2018,3,22.051305518169595,4.24,70.23,8.310383904389663,0.19212224993102672
LZ_LCRA,2018,4,22.644027777777783,5.1,51.83,7.626581791236533,0.16431237799387674
LZ_LCRA,2018,5,34.73540322580648,7.35,537.05,39.21426529375476,0.2237848032397183
LZ_LCRA,2018,6,30.365555555555577,16.02,114.7,14.438945238745086,0.14303439461015469
LZ_LCRA,2018,7,79.06994623655915,10.06,2062.63,233.30198042101694,0.37710025378389356
LZ_LCRA,2018,8,31.807970430107524,14.28,149.58,18.49956526481126,0.16154168221881682
LZ_LCRA,2018,9,27.18726388888886,15.12,89.58,10.323972461463864,0.11987671208104717
LZ_LCRA,2018,10,30.06987903225809,10.92,95.98,10.146733125557331,0.1353868627001799
LZ_LCRA,2018,11,30.515805555555563,8.38,106.34,11.796913856628784,0.17368733767079872
LZ_LCRA,2018,12,30.582661290322633,6.56,122.66,10.6288200815789,0.17932451116455608
LZ_LCRA,2019,1,24.936303763440858,6.28,76.43,8.097452745325858,0.16977470694831726
LZ_LCRA,2019,2,21.66697916666667,5.53,56.92,6.878219361958415,0.18454583911310754
LZ_LCRA,2019,3,27.649313593539745,6.58,692.67,35.19954864384437,0.20457457168400972
LZ_LCRA,2019,4,23.31476388888888,4.46,107.21,12.36835730932367,0.19822252294562248
LZ_LCRA,2019,5,24.50868279569892,9.06,66.1,8.514166573914984,0.12990407859368944
LZ_LCRA,2019,6,24.51954166666666,11.18,101.6,13.153803352145431,0.14576893442616856
LZ_LCRA,2019,7,29.74791666666666,11.36,274.7,26.817746140123624,0.19378864755366706
LZ_LCRA,2019,8,126.67076612903215,10.31,3503.28,401.7273081817837,0.5125735364453129
LZ_LCRA,2019,9,82.46723611111106,8.0,5011.71,380.75904251218793,0.3506407566238462
LZ_LCRA,2019,10,29.015806451612917,7.78,851.35,53.56442348624105,0.22695465702928563
LZ_LCRA,2019,11,24.485222222222248,4.14,207.11,14.724647827239286,0.2239091998811731
LZ_LCRA,2019,12,19.456881720430097,3.75,84.34,7.255990866381839,0.1829156560050493
LZ_NORTH,2016,1,19.187997311827974,5.08,56.21,5.532815832010705,0.16208437125231717
LZ_NORTH,2016,2,15.46221264367817,2.28,51.39,5.72711950556094,0.2157716466084903
LZ_NORTH,2016,3,17.461507402422594,1.48,62.31,7.4469997134928025,0.21132919281121829
LZ_NORTH,2016,4,19.08763888888888,1.57,90.61,9.793125443963815,0.22191140992431357
LZ_NORTH,2016,5,18.182889784946234,4.18,76.8,7.862626786415128,0.1664572052120346
LZ_NORTH,2016,6,23.562680555555552,3.64,104.06,11.062601504781098,0.1488786048585525
LZ_NORTH,2016,7,27.415779569892457,9.05,101.55,12.33912295287215,0.1520397208957848
LZ_NORTH,2016,8,30.148575268817243,13.37,227.06,26.104303860992058,0.18382567619138032
LZ_NORTH,2016,9,26.605861111111107,10.73,201.47,14.901666131659871,0.13955350357492685
LZ_NORTH,2016,10,24.532661290322583,2.85,273.64,16.034106142812707,0.190358727427087
LZ_NORTH,2016,11,18.830513888888877,2.0,50.24,6.25094070359959,0.1898923592759161
LZ_NORTH,2016,12,25.28624999999999,3.43,140.29,11.070745441320295,0.20469087323976787
LZ_NORTH,2017,1,23.603024193548404,2.91,96.68,7.53631169322917,0.19055388933553885
LZ_NORTH,2017,2,19.550014880952375,4.39,51.83,6.023653240387762,0.18029240785309342
LZ_NORTH,2017,3,21.839407806191105,5.34,64.71,7.067790149708491,0.15237259334757164
LZ_NORTH,2017,4,21.975805555555546,7.13,62.41,6.617664494044783,0.1430016247671757
LZ_NORTH,2017,5,24.557513440860216,5.22,72.98,8.001947903825615,0.1425431228918145
LZ_NORTH,2017,6,26.893736111111114,15.46,80.74,10.269483673647457,0.1274587946630075
LZ_NORTH,2017,7,31.186841397849467,16.47,254.01,17.44390062497039,0.15199303021841606
LZ_NORTH,2017,8,27.060362903225812,16.62,86.53,10.529417676731134,0.12269229988569967
LZ_NORTH,2017,9,23.968402777777758,8.29,56.01,8.10381654820752,0.12012047947470975
LZ_NORTH,2017,10,21.938427419354845,1.89,85.01,8.636464281722938,0.16880319785046938
LZ_NORTH,2017,11,22.263166666666674,3.21,70.4,7.878656117975505,0.17599969782296337
LZ_NORTH,2017,12,21.4081317204301,6.28,58.74,5.243574354344973,0.15894375061603497
LZ_NORTH,2018,1,37.728521505376335,6.32,1664.01,87.76979241169172,0.2192453294601795
LZ_NORTH,2018,2,21.84046130952379,5.84,74.29,7.579751376820834,0.1973032742421871
LZ_NORTH,2018,3,22.640551816958272,7.89,70.07,8.388701044899266,0.18236800452123075
LZ_NORTH,2018,4,24.36688888888891,8.91,58.24,7.779202510434247,0.1559880248993625
LZ_NORTH,2018,5,37.451881720430116,9.54,557.83,40.89663061155096,0.2280744986474186
LZ_NORTH,2018,6,31.301611111111136,15.26,122.97,16.44100746514218,0.15090076819206327
LZ_NORTH,2018,7,79.84618279569887,9.8,2079.81,235.36841649562857,0.37629361294238667
LZ_NORTH,2018,8,31.97158602150531,11.92,151.52,19.077278619523028,0.1647251693972254
LZ_NORTH,2018,9,27.885847222222214,13.94,91.58,12.013980791934744,0.1259810040879762
LZ_NORTH,2018,10,31.64541666666666,9.59,95.95,11.41539314407051,0.1419311857150021
LZ_NORTH,2018,11,31.97412499999999,9.21,124.07,12.30701172018928,0.17401703795883872
LZ_NORTH,2018,12,31.131948924731233,6.87,121.19,10.753266871853738,0.1759480925203595
LZ_NORTH,2019,1,24.36783602150537,5.13,75.38,8.353484521769563,0.1716588471556194
LZ_NORTH,2019,2,20.85114583333333,4.36,56.78,7.1174606376172065,0.19130547186546526
LZ_NORTH,2019,3,28.594037685060574,9.11,681.29,34.43624052220511,0.19845954547009836
LZ_NORTH,2019,4,23.718430555555557,6.62,103.76,11.928849097374757,0.186297836911631
LZ_NORTH,2019,5,24.011451612903222,10.12,67.8,8.738728285557324,0.13324911603491316
LZ_NORTH,2019,6,25.20791666666667,8.21,101.28,13.618453889307254,0.1482823873774475
LZ_NORTH,2019,7,29.834946236559162,11.22,274.89,26.955125726994364,0.19523060190806454
LZ_NORTH,2019,8,126.60091397849466,10.08,3501.54,401.6319106504489,0.5126324439597355
LZ_NORTH,2019,9,80.7741527777778,7.81,5010.51,380.758969201848,0.3501750182101363
LZ_NORTH,2019,10,28.732943548387126,6.21,863.71,54.42561097329506,0.23923796450647827
LZ_NORTH,2019,11,24.153611111111104,3.67,218.41,15.74282819301406,0.2291631573170164
LZ_NORTH,2019,12,19.006801075268804,4.07,59.99,7.142365271934624,0.18868870751082584
LZ_RAYBN,2016,1,19.447943548387116,5.08,57.38,5.87173439536646,0.16343998166722706
LZ_RAYBN,2016,2,15.400431034482773,2.32,53.35,5.7534661271109,0.21451191358253152
LZ_RAYBN,2016,3,17.11724091520861,1.86,61.55,7.3272912153871115,0.20639681757550438
LZ_RAYBN,2016,4,18.855361111111097,1.45,90.56,9.706044207969226,0.2230718669453408
LZ_RAYBN,2016,5,18.320994623655913,4.31,75.95,7.887065178197738,0.1643548295811116
LZ_RAYBN,2016,6,23.315944444444447,3.65,100.54,10.57341688323208,0.14718525821833767
LZ_RAYBN,2016,7,27.471075268817224,9.03,101.88,12.383051616960069,0.15327598341035048
LZ_RAYBN,2016,8,30.149758064516142,13.37,226.86,26.11001588311447,0.1845873058697411
LZ_RAYBN,2016,9,26.470263888888894,10.72,200.59,14.818330548217853,0.1393222154256059
LZ_RAYBN,2016,10,24.452513440860198,3.14,274.16,15.968735318472172,0.1883363820084194
LZ_RAYBN,2016,11,18.87531944444443,2.9,47.33,6.182334306537092,0.18707550302770984
LZ_RAYBN,2016,12,25.31955645161287,4.44,138.15,10.848662138407189,0.20038864081513277
LZ_RAYBN,2017,1,23.39010752688172,2.43,96.42,7.174455207570437,0.18521888755727747
LZ_RAYBN,2017,2,20.36915178571431,5.62,51.8,5.358349282109905,0.1657235853919862
LZ_RAYBN,2017,3,21.90716016150739,6.77,64.19,6.549950608642898,0.14148232480484452
LZ_RAYBN,2017,4,22.21343055555554,8.2,61.88,5.862581020851395,0.13491999982825753
LZ_RAYBN,2017,5,24.001330645161307,6.21,62.63,6.8500959884287855,0.13369434709077707
LZ_RAYBN,2017,6,26.125041666666643,15.69,74.59,9.205680549494767,0.1236552912831936
LZ_RAYBN,2017,7,30.760497311827933,16.47,248.41,16.831198028483207,0.15069293295611036
LZ_RAYBN,2017,8,26.824825268817232,16.6,85.93,10.254676219025427,0.12231023520657427
LZ_RAYBN,2017,9,23.535680555555558,8.29,54.32,7.549488581314552,0.11750217150669431
LZ_RAYBN,2017,10,21.379932795698938,2.04,75.15,7.829634966596327,0.16357679155290392
LZ_RAYBN,2017,11,21.82918055555556,3.86,70.1,7.445188047172323,0.17419100676513896
LZ_RAYBN,2017,12,21.31260752688172,7.81,59.25,4.855131894035039,0.15338609189723243
LZ_RAYBN,2018,1,39.37014784946231,7.82,1709.15,90.37409156066532,0.21611896631627905
LZ_RAYBN,2018,2,22.403169642857126,7.42,94.77,7.724018064781316,0.20015480230088856
LZ_RAYBN,2018,3,23.805706594885592,11.42,69.95,7.764584538226346,0.17472345268824366
LZ_RAYBN,2018,4,27.19887500000002,12.36,62.64,7.927631488254263,0.14424557056655304
LZ_RAYBN,2018,5,40.951250000000016,11.51,572.62,43.40898605325403,0.22648109858488888
LZ_RAYBN,2018,6,31.945583333333342,15.64,125.33,17.458837477249833,0.15716536775551043
LZ_RAYBN,2018,7,84.90190860215051,9.8,2234.47,250.62476031998634,0.3731960865906444
LZ_RAYBN,2018,8,32.51872311827957,12.2,158.9,20.634102764280627,0.17450151524755
LZ_RAYBN,2018,9,27.680888888888877,13.93,90.56,11.82380675429367,0.12684067049164452
LZ_RAYBN,2018,10,30.624959677419376,13.12,94.29,10.702267190328264,0.1407691924139563
LZ_RAYBN,2018,11,33.45244444444446,12.67,124.27,11.735302215008232,0.17022080701686257
LZ_RAYBN,2018,12,31.55353494623656,7.83,116.72,10.034378429938934,0.17010112256635038
LZ_RAYBN,2019,1,24.411491935483873,6.49,74.86,8.060814095455624,0.16858689061675858
LZ_RAYBN,2019,2,21.066279761904763,4.7,57.29,6.844085385799512,0.18448519085443096
LZ_RAYBN,2019,3,29.809798115747,12.38,682.64,34.219993845706014,0.19557322663385962
LZ_RAYBN,2019,4,24.998305555555564,7.34,113.75,11.764075316688286,0.18130295349495149
LZ_RAYBN,2019,5,24.788158602150553,11.72,67.79,8.999232252081159,0.13361591663699213
LZ_RAYBN,2019,6,25.458513888888895,8.78,101.41,13.654010843479448,0.1476978414538554
LZ_RAYBN,2019,7,30.02971774193554,11.21,279.33,27.165856941493953,0.1956211622654639
LZ_RAYBN,2019,8,126.89788978494644,10.38,3503.7,401.9292603884113,0.5098849286642506
LZ_RAYBN,2019,9,80.69863888888884,7.81,5012.22,380.908202139825,0.35054558001233777
LZ_RAYBN,2019,10,28.554381720430126,7.43,850.07,52.132790025555984,0.23678068038618968
LZ_RAYBN,2019,11,24.517569444444426,4.57,222.55,15.818155791296588,0.23532237631429925
LZ_RAYBN,2019,12,19.08506720430106,4.69,60.53,7.101435355892237,0.18697958505923346
LZ_SOUTH,2016,1,19.48172043010753,5.06,58.16,5.710720644519709,0.16506516784997985
LZ_SOUTH,2016,2,15.935862068965523,1.59,52.27,6.329056652036589,0.2252532160086134
LZ_SOUTH,2016,3,19.521144010767156,0.56,100.0,12.325023585024738,0.2333620977726422
LZ_SOUTH,2016,4,20.73800000000002,1.04,120.0,13.178488937715963,0.2457140164553475
LZ_SOUTH,2016,5,20.69174731182796,2.76,100.0,12.251857833053952,0.19646485380195552
LZ_SOUTH,2016,6,27.47165277777775,4.94,141.69,15.831815212576421,0.17878087662058936
LZ_SOUTH,2016,7,28.88958333333334,9.49,106.32,13.878802914915044,0.15262168051978814
LZ_SOUTH,2016,8,31.82330645161287,13.43,240.28,29.39920761574283,0.18885849506489558
LZ_SOUTH,2016,9,28.76201388888887,11.16,206.79,16.323961737728606,0.14701145738615354
LZ_SOUTH,2016,10,30.03103494623656,3.68,290.71,24.11439290602675,0.2069158360653858
LZ_SOUTH,2016,11,20.633388888888888,2.81,59.68,7.707285909666226,0.18739257969939815
LZ_SOUTH,2016,12,26.32684139784947,2.59,148.13,12.181573627385522,0.208548686030859
LZ_SOUTH,2017,1,25.15548387096773,1.85,142.48,10.779406305725363,0.1995730458292512
LZ_SOUTH,2017,2,21.793690476190488,3.22,54.63,7.831157785521075,0.19300144238503214
LZ_SOUTH,2017,3,26.528209959623116,4.69,94.55,10.897196845177303,0.15681081285102175
LZ_SOUTH,2017,4,28.549888888888887,10.5,119.88,12.735671759879727,0.14790993891723855
LZ_SOUTH,2017,5,29.979731182795668,5.34,94.72,12.98626101551835,0.16665698165643808
LZ_SOUTH,2017,6,36.783444444444456,15.65,150.0,22.435838620397643,0.17582756413403378
LZ_SOUTH,2017,7,34.19329301075271,17.34,276.3,20.84019773171074,0.16494010510374973
LZ_SOUTH,2017,8,33.45784946236564,16.66,139.11,19.499532456662962,0.160192263114532
LZ_SOUTH,2017,9,28.33034722222221,8.84,84.54,10.499658158101528,0.13089034677496875
LZ_SOUTH,2017,10,28.464018817204334,4.52,129.79,13.227929173038147,0.16627775896553812
LZ_SOUTH,2017,11,27.86572222222222,8.04,109.23,11.206479376065497,0.15573313780420636
LZ_SOUTH,2017,12,25.40422043010751,7.07,99.02,7.9141182045369325,0.16035420813162413
LZ_SOUTH,2018,1,46.13256720430113,6.56,1709.82,93.31581643122976,0.20515114514538452
LZ_SOUTH,2018,2,25.197038690476194,4.14,79.89,9.158766911369773,0.20331488341414833
LZ_SOUTH,2018,3,26.759973082099577,8.31,76.2,10.317034261654255,0.17526685139863354
LZ_SOUTH,2018,4,28.186972222222227,8.32,63.43,9.605147553595852,0.1626884310476378
LZ_SOUTH,2018,5,41.27442204301073,11.8,556.94,41.38933791209337,0.21407064144350174
LZ_SOUTH,2018,6,32.258680555555515,16.3,124.6,15.824630844733248,0.14184149753670255
LZ_SOUTH,2018,7,80.44756720430111,10.11,2068.16,234.40094203188013,0.3743224111715585
LZ_SOUTH,2018,8,33.690631720430126,15.79,151.59,21.418672580998578,0.17165026429009533
LZ_SOUTH,2018,9,28.383763888888897,16.0,91.31,11.343294717518617,0.12499014436658862
LZ_SOUTH,2018,10,32.12697580645161,16.13,100.1,12.027293976526847,0.13700966802953118
LZ_SOUTH,2018,11,33.54448611111104,10.49,120.91,13.68176977638468,0.17415049290344095
LZ_SOUTH,2018,12,32.11272849462366,7.62,125.61,11.133697976599072,0.17537423795010865
LZ_SOUTH,2019,1,27.057903225806513,7.6,123.19,9.20796138122653,0.17456980669860114
LZ_SOUTH,2019,2,23.72895833333334,6.44,61.77,7.5112400295933845,0.18347922024923433
LZ_SOUTH,2019,3,30.529488559892318,7.37,721.89,37.10900275838603,0.20374215855320227
LZ_SOUTH,2019,4,27.14783333333334,4.0,134.58,14.693139289126739,0.19964722106468238
LZ_SOUTH,2019,5,27.210994623655925,10.73,87.14,10.367489242585485,0.13701458942315575
LZ_SOUTH,2019,6,27.259597222222187,11.71,123.14,14.759030011321771,0.14662747764396772
LZ_SOUTH,2019,7,31.13216397849467,11.68,279.97,27.666057981228892,0.19109722301926108
LZ_SOUTH,2019,8,127.1090188172042,11.0,3499.67,400.7683351369345,0.509076125397797
LZ_SOUTH,2019,9,81.00911111111105,8.37,4996.6,378.74939830966343,0.34358821030274317
LZ_SOUTH,2019,10,32.94211021505377,6.93,846.41,53.6600556841448,0.22519678883370556
LZ_SOUTH,2019,11,25.80370833333333,5.53,195.9,14.772221026154101,0.2169952303901746
LZ_SOUTH,2019,12,19.786881720430113,3.46,77.45,7.023225109320725,0.18052585698925286
LZ_WEST,2016,1,19.51926075268816,4.47,56.26,5.972367020222795,0.1676046452031476
LZ_WEST,2016,2,15.044482758620699,-0.86,51.61,6.0973123237868565,0.2809130993437426
LZ_WEST,2016,3,16.00265141318978,0.46,60.97,7.4474746960747655,0.23328379463768373
LZ_WEST,2016,4,17.153666666666663,0.33,91.7,9.37929180538246,0.2600298790592655
LZ_WEST,2016,5,17.737526881720434,1.43,73.98,8.08538079313126,0.190171524004864
LZ_WEST,2016,6,23.48876388888888,3.76,107.61,10.783790816173294,0.14573694362655132
LZ_WEST,2016,7,27.178790322580664,9.05,115.9,12.888030029845096,0.15288546805551503
LZ_WEST,2016,8,30.01056451612905,13.37,226.91,25.763811703429568,0.18408969193275443
LZ_WEST,2016,9,26.767666666666685,10.69,204.46,15.181201137700214,0.13830064564976408
LZ_WEST,2016,10,25.182258064516123,1.5,285.76,17.13851962455334,0.19852573303415483
LZ_WEST,2016,11,19.343138888888898,0.97,60.38,7.035390776231643,0.19921396282768875
LZ_WEST,2016,12,25.165819892473102,0.37,139.73,11.654195202333177,0.23037293129521605
LZ_WEST,2017,1,23.231370967741938,0.47,97.97,9.296835291406914,0.2647650060408377
LZ_WEST,2017,2,18.47705357142856,-3.67,72.56,9.104210009101468,0.44159647060202767
LZ_WEST,2017,3,20.251197846567983,0.09,65.3,8.465475122425502,0.265106702236095
LZ_WEST,2017,4,20.388569444444446,0.1,69.22,8.18040263320492,0.247688748925867
LZ_WEST,2017,5,22.86779569892472,1.38,57.71,7.553185185074928,0.18850410241072918
LZ_WEST,2017,6,27.51231944444447,11.19,79.92,10.623585853794621,0.13096106406871275
LZ_WEST,2017,7,31.130174731182798,16.63,240.72,16.88486366041493,0.14749479159523018
LZ_WEST,2017,8,27.213911290322564,16.64,86.65,10.571351807051885,0.1288588959501883
LZ_WEST,2017,9,27.011777777777755,8.08,83.61,10.99981324436512,0.12400606992824124
LZ_WEST,2017,10,22.173319892473113,1.83,72.46,8.353856799011606,0.17378072383318688
LZ_WEST,2017,11,22.152916666666673,0.27,75.19,8.749763793752004,0.21853071375442457
LZ_WEST,2017,12,21.87225806451613,-1.49,64.7,7.489398016305277,0.28255456203956675
LZ_WEST,2018,1,37.29330645161292,0.65,1670.78,88.79467993492516,0.2662269513017901
LZ_WEST,2018,2,22.12410714285712,2.33,74.96,8.271932366348944,0.21549192093253802
LZ_WEST,2018,3,22.30162853297446,0.4,79.53,10.906822163961131,0.3045440697994421
LZ_WEST,2018,4,21.128125000000004,-3.54,60.13,12.432860367773303,0.34517768717160774
LZ_WEST,2018,5,49.600120967741965,1.15,560.42,42.80809718391552,0.29204915190066294
LZ_WEST,2018,6,57.96752777777783,22.77,137.0,20.756347046082546,0.18566939035301533
LZ_WEST,2018,7,101.47096774193538,13.15,2151.82,238.70516348224746,0.3573428547905323
LZ_WEST,2018,8,33.28985215053763,11.08,153.14,19.295431194581806,0.16965161255782826
LZ_WEST,2018,9,27.10109722222224,13.2,87.2,10.436557699967405,0.12188489335081397
LZ_WEST,2018,10,30.004556451612874,3.1,97.94,10.901438163956602,0.1478757172514056
LZ_WEST,2018,11,31.22402777777777,1.91,147.71,15.925374200333449,0.22275273464788267
LZ_WEST,2018,12,34.98084677419353,3.05,131.59,15.254886045873532,0.2026529144886267
LZ_WEST,2019,1,27.461532258064498,0.44,99.02,13.478233579426092,0.22067003776523508
LZ_WEST,2019,2,22.798958333333317,2.99,67.26,9.305285701329012,0.2164758083030892
LZ_WEST,2019,3,31.282960969044446,2.25,698.52,37.27890331984407,0.23885343286312993
LZ_WEST,2019,4,21.699236111111095,0.69,112.83,14.623148227684057,0.27115140326674697
LZ_WEST,2019,5,28.8519892473118,7.36,78.96,9.737399440021326,0.14369814900103528
LZ_WEST,2019,6,32.02677777777779,12.25,111.92,14.086746131905787,0.1559277633724145
LZ_WEST,2019,7,32.07568548387098,11.03,281.09,27.34031853443688,0.19975786910192786
LZ_WEST,2019,8,128.87646505376352,9.12,3505.6,402.11414618227064,0.5022767440616817
LZ_WEST,2019,9,83.471138888889,6.59,5015.25,380.45391860989866,0.3514670810884224
LZ_WEST,2019,10,49.38336021505375,0.79,873.07,62.396856020024465,0.3134429173837152
LZ_WEST,2019,11,49.34084722222219,3.6,286.91,31.876125870829345,0.2657280592534112
LZ_WEST,2019,12,39.502594086021524,7.32,195.71,27.975861973386763,0.28529927862995524
